Mechanism,Imputation_Method,MR,Accuracy,Precision,Recall,F1_Score
MCAR,None,05,77.99180327868852,87.65545831414094,87.61510128913443,87.63527515542252
MCAR,None,10,66.52377240841777,81.24702522608281,78.59116022099447,79.8970278492862
MCAR,None,15,58.333333333333336,75.59322033898304,71.86924493554328,73.68421052631578
MCAR,None,20,53.021094029317126,70.35104364326375,68.2780847145488,69.29906542056075
MCAR,None,25,47.64747191011236,66.74864731923266,62.476979742173114,64.5422116527943
MCAR,Mean,05,85.48044217687075,91.78269801415202,92.56445672191529,92.17191977077364
MCAR,Mean,10,77.31727235606371,87.23796360285648,87.17771639042357,87.20782959124928
MCAR,Mean,15,71.61494366475588,83.5177501152605,83.40239410681399,83.46003225063349
MCAR,Mean,20,66.8952380952381,79.49298325033952,80.84714548802947,80.16434603971696
MCAR,Mean,25,62.88078224896577,77.44326076887448,76.97974217311234,77.21080581851767
MCAR,LR,05,89.137980908302,93.93385154702028,94.58256599140577,94.25709260533762
MCAR,LR,10,82.99873648743507,90.68875594416322,90.7305095150399,90.70962792481781
MCAR,LR,15,78.76166941241077,88.19369715603382,88.04481276856968,88.11919207434146
MCAR,LR,20,74.97660740542709,85.32096136294494,86.0804174340086,85.69900687547745
MCAR,LR,25,71.83117226779572,83.89738834801422,83.31798649478208,83.60668360668359
MCAR,HT,05,91.13062568605928,95.16276937184777,95.55709023941068,95.35952216861935
MCAR,HT,10,86.13076098606646,92.60198202350772,92.49539594843462,92.54865829782332
MCAR,HT,15,82.6736842105263,90.63004846526655,90.40055248618785,90.51515500749106
MCAR,HT,20,79.36605948337964,88.22789154558976,88.76611418047882,88.4961845200528
MCAR,HT,25,76.67108888662109,87.11734693877551,86.47559852670351,86.79528650646951
MCAR,HAT,05,92.35939158118146,95.88688946015425,96.1694290976059,96.02795145273998
MCAR,HAT,10,88.14044213263979,93.77421140011069,93.61878453038675,93.6964335084324
MCAR,HAT,15,85.19087881117089,92.15631929046563,91.85082872928176,92.0033204205866
MCAR,HAT,20,82.36328615693827,90.09710516672774,90.56169429097606,90.32880235121235
MCAR,HAT,25,79.84541223404256,89.12700621578996,88.4622467771639,88.79338231896114
MCAR,MLP,05,92.95535186280307,96.2053400657945,96.49324739103746,96.3490786499636
MCAR,MLP,10,89.19174298589911,94.41409556051397,94.16052793124616,94.28714126551154
MCAR,MLP,15,86.48319357844191,92.90883892824145,92.5951503990178,92.75172943889316
MCAR,MLP,20,83.24301499049898,90.94963475586313,90.76120319214242,90.85532127357222
MCAR,MLP,25,81.03460328556449,90.10493587252235,88.95027624309392,89.52388307525968
MAR_l,None,05,72.79900332225914,88.13474107591755,80.70902394106814,84.25859168469117
MAR_l,None,10,57.405956112852664,79.40379403794037,67.44935543278085,72.94000497883995
MAR_l,None,15,46.11300720515737,72.33789411064842,55.98526703499079,63.11964702828965
MAR_l,None,20,36.82039745031871,66.48612051455653,45.21178637200737,53.822965195944086
MAR_l,None,25,28.421447319085114,60.49481245011972,34.898710865561696,44.26277372262774
MAR_l,Mean,05,77.3067331670823,88.82521489971347,85.6353591160221,87.20112517580871
MAR_l,Mean,10,63.688250344420396,81.44978605587717,74.49355432780848,77.81652037994469
MAR_l,Mean,15,52.503382949932345,76.61495063469675,62.523020257826886,68.85536823425022
MAR_l,Mean,20,43.37890990822251,69.94865599516761,53.31491712707182,60.50947093403005
MAR_l,Mean,25,34.501198598561686,63.42372881355932,43.07090239410682,51.30244036194133
MAR_l,LR,05,77.10678012626956,87.94614902943017,86.21853898096991,87.07377557346557
MAR_l,LR,10,62.45348389580393,79.21549479166666,74.69306322897484,76.88783570300158
MAR_l,LR,15,49.18461346943857,72.25676664228237,60.6353591160221,65.93791722296395
MAR_l,LR,20,39.72242163196937,64.31615652847734,50.951503990178026,56.85905120739852
MAR_l,LR,25,31.313485113835377,56.689917564996826,41.16022099447514,47.69271805814884
MAR_l,HT,05,76.1041090275643,87.39703459637562,85.48572744014733,86.43081578028628
MAR_l,HT,10,60.78689759036144,76.93590659995235,74.33241252302025,75.61175506380987
MAR_l,HT,15,47.25047250472505,68.42173856379512,60.428176795580114,64.17700629545871
MAR_l,HT,20,37.68288533514801,59.08242197919446,50.98987108655617,54.73866304213517
MAR_l,HT,25,29.520598634980676,50.82825994619849,41.32136279926335,45.584407339216554
MAR_l,HAT,05,69.43573667711598,82.34200743494424,81.58379373848987,81.96114708603146
MAR_l,HAT,10,52.918427272076194,70.42508577964163,68.03867403314918,69.21131509928811
MAR_l,HAT,15,40.40219378427788,60.41919805589308,54.944751381215475,57.552083333333336
MAR_l,HAT,20,30.834818019852378,49.948464234178516,44.62246777163904,47.135492656356384
MAR_l,HAT,25,25.130004385690118,44.0188762071993,36.93370165745856,40.16623272581614
MAR_l,MLP,05,72.08548365753606,83.95623025352546,83.60190300798035,83.7786919912338
MAR_l,MLP,10,56.23635040038826,72.86590158780066,71.13259668508287,71.98881727110351
MAR_l,MLP,15,44.121723062709314,64.06472708979626,58.63259668508287,61.2284145999439
MAR_l,MLP,20,34.114344328672466,53.505503810330225,48.488336402701044,50.87352065051124
MAR_l,MLP,25,27.983539094650205,47.247461250668096,40.699815837937386,43.729903536977496
MAR_m,None,05,81.63865546218487,90.3300790330079,89.45672191528546,89.8912792042563
MAR_m,None,10,69.87023519870236,85.42389687654934,79.32780847145487,82.26306994509429
MAR_m,None,15,65.01182033096927,81.84523809523809,75.96685082872928,78.79656160458454
MAR_m,None,20,57.57002271006812,76.39377197388248,70.02762430939227,73.07230362719194
MAR_m,None,25,52.509931383170816,70.89224768405656,66.94290976058932,68.86099928960454
MAR_m,Mean,05,87.17837837837837,93.48481335497334,92.81767955801105,93.15005198105578
MAR_m,Mean,10,78.7872429710449,89.89705530284894,86.44106813996318,88.13519539960099
MAR_m,Mean,15,75.1853377265239,87.7011770357915,84.04696132596685,85.83519454566829
MAR_m,Mean,20,70.15464952801767,84.6172480620155,80.40976058931861,82.45986779981114
MAR_m,Mean,25,65.74650077760498,80.87039693926351,77.85451197053406,79.33380248651184
MAR_m,LR,05,90.22534386889085,95.09561998766193,94.62860650705954,94.86153846153846
MAR_m,LR,10,84.13062159839588,92.64984227129337,90.14732965009208,91.38145612943372
MAR_m,LR,15,81.0067681895093,90.8875177978168,88.16758747697975,89.5068941341435
MAR_m,LR,20,77.15827338129496,88.67864525361743,85.58931860036833,87.10659898477158
MAR_m,LR,25,73.64299216851202,85.97099621689786,83.70165745856355,84.82115085536547
MAR_m,HT,05,91.90175904414205,95.94594594594594,95.6146408839779,95.78000691802144
MAR_m,HT,10,86.94894960269947,94.12041946506422,91.94290976058932,93.018922852984
MAR_m,HT,15,84.18170103092784,92.62672811059907,90.22790055248619,91.41157949973761
MAR_m,HT,20,80.9317557574477,90.78089821068846,88.17909760589319,89.46108483680739
MAR_m,HT,25,78.08091286307054,88.77226087982073,86.63674033149171,87.69150113590027
MAR_m,HAT,05,92.92003913546206,96.46352723915051,96.19705340699815,96.33010603964959
MAR_m,HAT,10,88.79817399701518,95.0122111591208,93.13996316758748,94.06677206361014
MAR_m,HAT,15,86.34430072054866,93.78595002357379,91.58379373848987,92.6717912881435
MAR_m,HAT,20,83.5658649319524,92.2255809559796,89.8987108655617,91.04728154434393
MAR_m,HAT,25,80.9435551811289,90.48785081936335,88.47145488029466,89.46829313716361
MAR_m,MLP,05,93.46113835636795,96.72408489695479,96.51626764886433,96.62006452604088
MAR_m,MLP,10,89.65947453397915,95.36335961283272,93.74616329036218,94.54784661223543
MAR_m,MLP,15,87.33478576615832,94.21811344406143,92.280540208717,93.23926190106992
MAR_m,MLP,20,84.84283048657959,92.9110342659541,90.71516267648865,91.79996893927628
MAR_m,MLP,25,82.31884057971014,91.27537822372031,89.34929404542665,90.30206677265501
MAR_h,None,05,75.66889632107024,89.16256157635468,83.33333333333334,86.14945264159924
MAR_h,None,10,63.654223968565816,81.28449573507275,74.58563535911603,77.79111644657863
MAR_h,None,15,55.58970418747599,77.05005324813632,66.6206261510129,71.4567901234568
MAR_h,None,20,50.76161462300076,74.59429210968102,61.37200736648251,67.34023743369536
MAR_h,None,25,46.04668674698795,71.64616285881664,56.307550644567215,63.05748904356793
MAR_h,Mean,05,81.60136286201022,91.58699808795411,88.21362799263352,89.86866791744839
MAR_h,Mean,10,72.16914006911975,86.06060606060606,81.7219152854512,83.83516353760774
MAR_h,Mean,15,65.27147087857847,82.09585299230197,76.10497237569061,78.98697885557281
MAR_h,Mean,20,60.726846424384526,80.06182380216383,71.54696132596685,75.56528081692194
MAR_h,Mean,25,57.34697818111605,78.05519053876479,68.37016574585635,72.89237943305928
MAR_h,LR,05,84.77573317998849,93.05665141234022,90.50030693677103,91.76067844083093
MAR_h,LR,10,74.38510667210218,86.65505778059205,84.00859422958871,85.31130678718928
MAR_h,LR,15,65.58290155440415,80.78825594383278,77.7010435850215,79.21458186654151
MAR_h,LR,20,59.22354732301446,77.36161750082864,71.63904235727439,74.39043824701196
MAR_h,LR,25,55.5500921942225,73.62333007494298,69.3523634131369,71.42405563458195
MAR_h,HT,05,85.26588286053286,93.13147973609802,90.98756906077348,92.04704238472287
MAR_h,HT,10,73.7864077669903,85.87570621468926,83.97790055248619,84.91620111731844
MAR_h,HT,15,64.52790317932956,79.58772657268096,77.32504604051566,78.44007239185008
MAR_h,HT,20,55.9644786230889,73.22712026832774,70.36141804788214,71.76567269312045
MAR_h,HT,25,51.76625659050966,68.63567517185133,67.80616942909761,68.21840078744717
MAR_h,HAT,05,86.44567858382506,93.75117635987202,91.73112338858195,92.7301498650284
MAR_h,HAT,10,73.85136224407545,85.56219648860665,84.3646408839779,84.95919881305637
MAR_h,HAT,15,63.63498214421397,78.44698388909704,77.11786372007367,77.77674591381873
MAR_h,HAT,20,54.08917929202269,71.06603773584905,69.3646408839779,70.20503261882571
MAR_h,HAT,25,50.7068607068607,67.20859740975476,67.37569060773481,67.29204028141812
MAR_h,MLP,05,86.99963807455664,93.88376816122481,92.2268262737876,93.04792134396531
MAR_h,MLP,10,74.71318666486705,86.1087345414949,84.9524248004911,85.52667155934954
MAR_h,MLP,15,64.43853652361058,78.63432720531438,78.11540822590545,78.37400877665716
MAR_h,MLP,20,55.26805547217386,71.74811004598239,70.64149785144261,71.19050380852956
MAR_h,MLP,25,51.88520304421077,68.11317876754119,68.53130755064457,68.32160342717259
MNAR_l,None,05,71.45953757225433,76.84537684537685,91.06813996316758,83.354403708386
MNAR_l,None,10,59.34658134051869,68.85502149277062,81.12338858195211,74.48742337772141
MNAR_l,None,15,49.10477453580902,63.69892473118279,68.18600368324125,65.86613297754059
MNAR_l,None,20,43.79172229639519,61.42322097378277,60.40515653775322,60.90993500464252
MNAR_l,None,25,38.842688842688844,61.089918256130794,51.61141804788214,55.952083853256795
MNAR_l,Mean,05,67.35977634107985,73.65303782957585,88.74309392265194,80.49697222802256
MNAR_l,Mean,10,47.94477565108252,60.086511993708214,70.3499079189687,64.81442205726405
MNAR_l,Mean,15,37.764846314532974,51.76927797095521,58.26427255985267,54.825083938048316
MNAR_l,Mean,20,33.11997618338791,48.380082626657966,51.22007366482505,49.75958850497596
MNAR_l,Mean,25,28.8169099756691,45.91713108795735,43.62338858195211,44.74088065163499
MNAR_l,LR,05,71.37586288978814,76.07509831282506,92.03499079189686,83.29745121188971
MNAR_l,LR,10,55.852554429834015,65.23162134944613,79.52731737262124,71.67358229598894
MNAR_l,LR,15,46.752450980392155,58.288770053475936,70.25782688766114,63.7160751565762
MNAR_l,LR,20,42.1990482940164,55.359277460486126,63.965623081645184,59.35208259166964
MNAR_l,LR,25,37.48348409391198,52.60305234631294,56.599140577041126,54.527981074887265
MNAR_l,HT,05,73.53579175704989,77.3972602739726,93.646408839779,84.74999999999999
MNAR_l,HT,10,60.02957121734844,67.70428015564202,84.11602209944752,75.02309824453341
MNAR_l,HT,15,51.866604186191815,61.736543645997955,76.43876611418048,68.30547698637183
MNAR_l,HT,20,46.9472710453284,58.70445344129555,70.09668508287292,63.896757947749435
MNAR_l,HT,25,41.613911982304934,55.228261969835,62.79926335174954,58.77093768514029
MNAR_l,HAT,05,75.14066496163683,78.44827586206897,94.68692449355433,85.80607476635514
MNAR_l,HAT,10,62.759446514103246,69.33705718065559,86.86924493554328,77.11926755497424
MNAR_l,HAT,15,55.13445112306232,63.79676403836299,80.23941068139963,71.07957094498146
MNAR_l,HAT,20,50.14906832298137,60.64293225176506,74.34622467771639,66.79904029122198
MNAR_l,HAT,25,44.16656475480005,56.797986946606905,66.51012891344384,61.27157823302372
MNAR_l,MLP,05,75.89640217457699,78.81882770870338,95.34223449969306,86.2967078760939
MNAR_l,MLP,10,64.37109025915997,70.2872476672562,88.43615715162676,78.32410207618335
MNAR_l,MLP,15,56.72117222340199,64.79864143619602,81.98281154082258,72.38482384823848
MNAR_l,MLP,20,51.59135969946781,61.715141680189745,75.87476979742172,68.0663591932264
MNAR_l,MLP,25,44.4924515833884,56.859815512537345,67.16543891958257,61.58446492647576
MNAR_m,None,05,74.37923250564334,80.26796589524969,91.02209944751381,85.3074433656958
MNAR_m,None,10,65.32859680284191,74.0934730056406,84.66850828729282,79.02879243661367
MNAR_m,None,15,57.710760795065106,69.30041152263374,77.53222836095765,73.18557149065624
MNAR_m,None,20,53.3977348434377,65.88573777229757,73.80294659300183,69.61997828447339
MNAR_m,None,25,45.5607476635514,62.35724074920055,62.84530386740331,62.60032102728732
MNAR_m,Mean,05,70.8858512338008,75.59636501325255,91.91988950276243,82.9628090587991
MNAR_m,Mean,10,64.45211389128559,72.0208252988816,85.98066298342542,78.38405036726128
MNAR_m,Mean,15,56.31100639515315,67.6779935275081,77.02578268876611,72.04995693367785
MNAR_m,Mean,20,51.564804194658365,64.14594374235631,72.44475138121547,68.04324324324325
MNAR_m,Mean,25,44.69941822883,60.0,63.67403314917127,61.78244360062541
MNAR_m,LR,05,74.76266798175317,79.17482700091396,93.06322897483118,85.55908289241623
MNAR_m,LR,10,68.40672348484848,74.94488393204513,88.68937998772253,81.23989597244675
MNAR_m,LR,15,61.59403669724771,70.9042904290429,82.42786985880909,76.23305656092542
MNAR_m,LR,20,57.53378755724338,67.88350026357406,79.05156537753223,73.04310833806012
MNAR_m,LR,25,51.842134033016286,64.31574664315747,72.77470841006752,68.28425372597019
MNAR_m,HT,05,76.95068959002455,81.1031461569096,93.76151012891344,86.97416186205423
MNAR_m,HT,10,70.61048082117775,76.4327485380117,90.26243093922652,82.77390753641546
MNAR_m,HT,15,64.33104407545858,72.44248653940284,85.17495395948434,78.29445061630429
MNAR_m,HT,20,60.52141527001862,69.57960295834955,82.29742173112339,75.4060324825986
MNAR_m,HT,25,55.254908430951986,66.10738255033557,77.09484346224677,71.17959617428268
MNAR_m,HAT,05,78.7652802337203,82.67430600387347,94.33701657458563,88.12145191811457
MNAR_m,HAT,10,72.51607247223846,77.82656421514818,91.39963167587477,84.06877276192088
MNAR_m,HAT,15,66.37174355733447,73.65386113925037,87.03499079189687,79.78727894314777
MNAR_m,HAT,20,62.632333856976985,70.80534321674003,84.43830570902394,77.02322456007728
MNAR_m,HAT,25,57.576963906581746,67.32350659425911,79.90791896869244,73.07789473684211
MNAR_m,MLP,05,79.81906300484653,83.48766475160528,94.78207489257213,88.77708700183275
MNAR_m,MLP,10,73.41617187978208,78.39728086803059,92.03499079189686,84.67050227665808
MNAR_m,MLP,15,67.55644402634054,74.29199534462693,88.16758747697975,80.6372377008913
MNAR_m,MLP,20,63.874585192813825,71.51825752722614,85.66605279312462,77.95545003840515
MNAR_m,MLP,25,59.17936172578673,68.23951788690857,81.67587476979742,74.35557107928746
MNAR_h,None,05,78.11461794019934,88.85214926783183,86.60220994475138,87.71275355560736
MNAR_h,None,10,67.4577634754626,84.22903063787042,77.20994475138122,80.56689887100649
MNAR_h,None,15,56.85376097747232,76.91115702479338,68.55432780847146,72.49269717624148
MNAR_h,None,20,49.02537697682972,70.90425531914893,61.37200736648251,65.79466929911155
MNAR_h,None,25,43.31256870648589,67.9700977573318,54.41988950276243,60.444899002812576
MNAR_h,Mean,05,81.4932992980217,91.4756446991404,88.19060773480662,89.80309423347398
MNAR_h,Mean,10,72.53886010362694,87.91760864104496,80.57090239410681,84.08408408408408
MNAR_h,Mean,15,61.810551558753005,82.414068745004,71.20165745856355,76.39866617265655
MNAR_h,Mean,20,54.40889582520484,78.10137216465975,64.20349907918968,70.47378395451672
MNAR_h,Mean,25,47.84541062801932,74.87148472936195,56.998158379373855,64.72356554698733
MNAR_h,LR,05,83.99021864211737,93.05179282868525,89.61019030079804,91.29856930654365
MNAR_h,LR,10,76.14291742861163,90.12654012654012,83.07243707796194,86.45583772560293
MNAR_h,LR,15,67.13563720803168,85.92657342657343,75.42971147943524,80.33671134357633
MNAR_h,LR,20,60.6860511858502,82.7063550036523,69.50583179864948,75.53368912608404
MNAR_h,LR,25,54.96477469094776,80.41618047452353,63.45917740945365,70.93841139131925
MNAR_h,HT,05,85.36956521739131,93.87999043748506,90.40055248618785,92.10742347836285
MNAR_h,HT,10,77.71513668758642,91.10861703454296,84.09300184162063,87.46034596277009
MNAR_h,HT,15,69.60398092473564,87.51303441084463,77.27900552486187,82.07823960880195
MNAR_h,HT,20,63.71609218845605,84.82215585120827,71.91528545119705,77.83729911548522
MNAR_h,HT,25,58.206087572049746,82.73681184418571,66.25230202578268,73.58261425375518
MNAR_h,HAT,05,86.25600698995194,94.40566127952567,90.902394106814,92.62091288642867
MNAR_h,HAT,10,78.92530161718149,91.77196298875734,84.93554327808471,88.22151020993736
MNAR_h,HAT,15,71.38675142188022,88.62008098847471,78.59116022099447,83.30486555072957
MNAR_h,HAT,20,65.77429983525536,86.184565569347,73.52670349907919,79.35403726708076
MNAR_h,HAT,25,60.23024167210973,84.16428978893326,67.92817679558011,75.1796178343949
MNAR_h,MLP,05,86.55627689838792,94.60256716893886,91.05279312461633,92.79374389051809
MNAR_h,MLP,10,79.54415547299229,92.03108208646772,85.42817679558011,88.60678896892038
MNAR_h,MLP,15,72.18255634887302,89.15787653467059,79.12829957028852,83.84421497682737
MNAR_h,MLP,20,66.73790155797602,86.78619453160017,74.28637200736648,80.05126720965808
MNAR_h,MLP,25,61.16995831340122,84.82752084912812,68.68477593615715,75.90739484396201
